,date,courier_partners_online,temperature,relative_humidity,precipitation,day_category,day_from_beginning
0,2021-05-01,49.0,0.5894012100980596,0.24561403508771928,0.0,0,0
1,2021-05-02,44.5,0.6229918631337366,0.21052631578947378,0.0,1,1
2,2021-05-03,40.0,0.5604005841852701,0.29824561403508776,0.0,1,2
3,2021-05-04,51.0,0.6647193824327142,0.17543859649122817,0.0,2,3
4,2021-05-05,50.0,0.6486542875026078,0.19298245614035103,0.0,2,4
5,2021-05-06,47.0,0.6054663050281659,0.22807017543859665,0.0,1,5
6,2021-05-07,49.0,0.7425412059253076,0.1228070175438597,0.0,0,6
7,2021-05-08,48.0,0.6263300646776547,0.21052631578947378,0.0,0,7
8,2021-05-09,42.0,0.489672438973503,0.42105263157894757,0.22325581395348837,1,8
9,2021-05-10,48.0,0.5752138535364072,0.26315789473684204,0.0,1,9
10,2021-05-11,48.0,0.6184018360108491,0.5263157894736843,0.3891472868217054,2,10
11,2021-05-12,49.0,0.5255581055706238,0.3508771929824561,0.11162790697674418,2,11
12,2021-05-13,46.0,0.6144377216774461,0.22807017543859665,0.0,1,12
13,2021-05-14,47.0,0.646567911537659,0.19298245614035103,0.0,0,13
14,2021-05-15,46.0,0.5001043187982473,0.4035087719298247,0.06124031007751938,0,14
15,2021-05-16,42.0,0.5412059253077404,0.3157894736842106,0.02945736434108527,1,15
16,2021-05-17,47.0,0.5205508032547465,0.3508771929824561,0.031007751937984496,1,16
17,2021-05-18,49.0,0.6238264135197161,0.21052631578947378,0.0,2,17
18,2021-05-19,52.0,0.5816816190277486,0.26315789473684204,0.0,2,18
19,2021-05-20,55.0,0.5946171500104318,0.24561403508771928,0.0,1,19
20,2021-05-21,43.0,0.5929480492384727,0.4035087719298247,0.13798449612403102,0,20
21,2021-05-22,46.0,0.5816816190277486,0.26315789473684204,0.0,0,21
22,2021-05-23,50.0,0.5925307740454829,0.24561403508771928,0.0,1,22
23,2021-05-24,45.0,0.6100563321510536,0.22807017543859665,0.0,1,23
24,2021-05-25,48.0,0.6461506363446692,0.19298245614035103,0.0,2,24
25,2021-05-26,54.0,0.6643021072397245,0.17543859649122817,0.0,2,25
26,2021-05-27,46.0,0.6432297099937407,0.19298245614035103,0.0,1,26
27,2021-05-28,46.0,0.5272272063425828,0.3508771929824561,0.10465116279069768,0,27
28,2021-05-29,42.0,0.5149175881493844,0.368421052631579,0.09612403100775194,0,28
29,2021-05-30,48.0,0.5662424368871269,0.5087719298245614,0.040310077519379844,1,29
30,2021-05-31,51.0,0.5658251616941372,0.2807017543859649,0.0,1,30
31,2021-06-01,51.0,0.519298977675777,0.368421052631579,0.031007751937984496,2,31
32,2021-06-02,48.0,0.4062174003755476,0.7017543859649122,0.05271317829457365,2,32
33,2021-06-03,50.0,0.3757563112872939,0.42105263157894757,0.22170542635658913,1,33
34,2021-06-04,34.0,0.3452952221990402,0.9824561403508771,0.448062015503876,0,34
35,2021-06-05,38.0,0.508241185061548,0.38596491228070184,0.6627906976744187,0,35
36,2021-06-06,41.0,0.45420404756937194,0.5087719298245614,0.5310077519379844,1,36
37,2021-06-07,47.0,0.46275818902566235,0.49122807017543857,0.06744186046511627,1,37
38,2021-06-08,53.0,0.4986438556227831,0.6666666666666667,0.1372093023255814,2,38
39,2021-06-09,52.0,0.545587314834133,0.49122807017543857,0.2372093023255814,2,39
40,2021-06-10,47.0,0.4320884623409138,0.5964912280701755,0.3635658914728682,1,40
41,2021-06-11,44.0,0.4264552472355518,0.6140350877192984,0.08217054263565891,0,41
42,2021-06-12,45.0,0.48570832464010005,0.38596491228070184,0.19224806201550387,0,42
43,2021-06-13,46.0,0.5449614020446484,0.3157894736842106,0.02868217054263566,1,43
44,2021-06-14,45.0,0.40872105153348626,0.736842105263158,0.056589147286821705,1,44
45,2021-06-15,51.0,0.49175881493845186,0.5964912280701755,0.4108527131782946,2,45
46,2021-06-16,58.0,0.5610264969747547,0.29824561403508776,0.0,2,46
47,2021-06-17,51.0,0.4715209680784477,0.4736842105263157,0.3271317829457364,1,47
48,2021-06-18,49.0,0.5537241810974336,0.29824561403508776,0.03333333333333333,0,48
49,2021-06-19,43.0,0.4968704360525765,0.6140350877192984,0.06899224806201551,0,49
50,2021-06-20,49.0,0.4400166910077195,0.7192982456140351,0.05426356589147287,1,50
51,2021-06-21,55.0,0.5624869601502189,0.2807017543859649,0.0,1,51
52,2021-06-22,56.0,0.4431462549551428,0.7543859649122806,0.05736434108527132,2,52
53,2021-06-23,58.0,0.502607969956186,0.38596491228070184,0.03333333333333333,2,53
54,2021-06-24,48.0,0.4767369079908198,0.45614035087719285,0.17209302325581396,1,54
55,2021-06-25,46.0,0.48299603588566653,0.4385964912280702,0.10775193798449612,0,55
56,2021-06-26,48.0,0.5994158147298142,0.24561403508771928,0.0,0,56
57,2021-06-27,54.0,0.47360734404339655,0.45614035087719285,0.16511627906976742,1,57
58,2021-06-28,50.0,0.4454412685165866,0.736842105263158,0.05581395348837209,1,58
59,2021-06-29,52.0,0.4370957646567911,0.7543859649122806,0.05736434108527132,2,59
60,2021-06-30,56.0,0.42269977049864377,0.6315789473684212,0.16589147286821707,2,60
61,2021-07-01,45.0,0.42353432088462334,0.7719298245614035,0.05813953488372093,1,61
62,2021-07-02,47.0,0.607135405800125,0.22807017543859665,0.0,0,62
63,2021-07-03,36.0,0.4435635301481326,0.5438596491228069,0.9651162790697674,0,63
64,2021-07-04,52.0,0.5685374504485707,0.2807017543859649,0.0,1,64
65,2021-07-05,48.0,0.5074066346755685,0.38596491228070184,0.06434108527131782,1,65
66,2021-07-06,52.0,0.5428750260796994,0.3157894736842106,0.6542635658914728,2,66
67,2021-07-07,58.0,0.4891508449822657,0.3508771929824561,0.031007751937984496,2,67
68,2021-07-08,56.0,0.435426663884832,0.7719298245614035,0.059689922480620154,1,68
69,2021-07-09,49.0,0.49989568120175243,0.4035087719298247,0.03333333333333333,0,69
70,2021-07-10,49.0,0.5812643438347589,0.26315789473684204,0.0,0,70
71,2021-07-11,55.0,0.6935113707490089,0.5438596491228069,0.04186046511627907,1,71
72,2021-07-12,50.0,0.4932192781139161,0.42105263157894757,0.034108527131782945,1,72
73,2021-07-13,61.0,0.5804297934487793,0.26315789473684204,0.0,2,73
74,2021-07-14,54.0,0.6101606509493009,0.42105263157894757,0.03488372093023256,2,74
75,2021-07-15,56.0,0.6398915084498226,0.19298245614035103,0.0,1,75
76,2021-07-16,46.0,0.5868975589401209,0.42105263157894757,0.03488372093023256,0,76
77,2021-07-17,48.0,0.48299603588566653,0.4385964912280702,0.26666666666666666,0,77
78,2021-07-18,53.0,0.47465053202587093,0.7192982456140351,0.2503875968992248,1,78
79,2021-07-19,55.0,0.5727102023784685,0.2807017543859649,0.0,1,79
80,2021-07-20,61.0,0.5145003129563946,0.368421052631579,0.05581395348837209,2,80
81,2021-07-21,58.0,0.4729814312539119,0.45614035087719285,0.16666666666666666,2,81
82,2021-07-22,62.0,0.564364698518673,0.2807017543859649,0.0,1,82
83,2021-07-23,51.0,0.5441268516586688,0.3157894736842106,0.02868217054263566,0,83
84,2021-07-24,53.0,0.6119340705195075,0.22807017543859665,0.0,0,84
85,2021-07-25,56.0,0.5430836636761943,0.3157894736842106,0.02868217054263566,1,85
86,2021-07-26,56.0,0.4884206133945336,0.42105263157894757,0.03488372093023256,1,86
87,2021-07-27,65.0,0.5353640726058835,0.33333333333333326,0.02945736434108527,2,87
88,2021-07-28,63.0,0.5299394950970164,0.368421052631579,0.031007751937984496,2,88
89,2021-07-29,46.0,0.5245149175881493,0.3508771929824561,0.5906976744186047,1,89
90,2021-07-30,52.0,0.517629876903818,0.368421052631579,0.03178294573643411,0,90
91,2021-07-31,55.0,0.5086584602545378,0.38596491228070184,0.03255813953488372,0,91
92,2021-08-01,63.0,0.7402461923638638,0.4385964912280702,0.03565891472868217,1,92
93,2021-08-02,58.0,0.7590235760484038,0.38596491228070184,0.11240310077519379,1,93
94,2021-08-03,68.0,0.7264761109952013,0.1228070175438597,0.0,2,94
95,2021-08-04,62.0,0.7972042562069683,0.08771929824561409,0.0,2,95
96,2021-08-05,58.0,0.6776549134153973,0.1578947368421053,0.0,1,96
97,2021-08-06,57.0,0.7035259753807634,0.14035087719298256,0.0,0,97
98,2021-08-07,53.0,0.6438556227832254,0.19298245614035103,0.0,0,98
99,2021-08-08,63.0,0.7535989985395367,0.10526315789473684,0.0,1,99
100,2021-08-09,60.0,0.7611099520133527,0.10526315789473684,0.0,1,100
101,2021-08-10,70.0,0.7327352388900479,0.1228070175438597,0.0,2,101
102,2021-08-11,64.0,0.6547047778009596,0.17543859649122817,0.0,2,102
103,2021-08-12,62.0,0.7517212601710828,0.10526315789473684,0.0,1,103
104,2021-08-13,59.0,0.7980388065929479,0.08771929824561409,0.0,0,104
105,2021-08-14,54.0,0.71959107031087,0.1228070175438597,0.0,0,105
106,2021-08-15,64.0,0.6832881285207593,0.1578947368421053,0.0,1,106
107,2021-08-16,51.0,0.6722303359065301,0.3157894736842106,0.7170542635658914,1,107
108,2021-08-17,67.0,0.8088879616106821,0.07017543859649122,0.0,2,108
109,2021-08-18,65.0,0.7544335489255163,0.10526315789473684,0.0,2,109
110,2021-08-19,67.0,0.6586688921343625,0.17543859649122817,0.0,1,110
111,2021-08-20,61.0,0.7139578552055079,0.14035087719298256,0.0,0,111
112,2021-08-21,56.0,0.726893386188191,0.1228070175438597,0.0,0,112
113,2021-08-22,66.0,0.777383684539954,0.08771929824561409,0.0,1,113
114,2021-08-23,64.0,0.7260588358022114,0.1228070175438597,0.0,1,114
115,2021-08-24,60.0,0.5635301481326934,0.2807017543859649,0.0,2,115
116,2021-08-25,67.0,0.648237012309618,0.3508771929824561,0.030232558139534883,2,116
117,2021-08-26,58.0,0.7302315877321092,0.29824561403508776,0.3472868217054264,1,117
118,2021-08-27,57.0,0.7364907156269559,0.1228070175438597,0.0,0,118
119,2021-08-28,52.0,0.6536615898184852,0.17543859649122817,0.0,0,119
120,2021-08-29,63.0,0.6983100354683912,0.14035087719298256,0.0,1,120
121,2021-08-30,57.0,0.6620070936782807,0.17543859649122817,0.0,1,121
122,2021-08-31,68.0,0.7969956186104734,0.08771929824561409,0.0,2,122
123,2021-09-01,70.0,0.921134988524932,0.03508771929824572,0.0,2,123
124,2021-09-02,64.0,0.8345503859795533,0.07017543859649122,0.0,1,124
125,2021-09-03,64.0,0.8729397037346128,0.052631578947368474,0.0,0,125
126,2021-09-04,57.0,0.8925516378051322,0.03508771929824572,0.0,0,126
127,2021-09-05,57.0,0.7554767369079907,0.24561403508771928,0.0,1,127
128,2021-09-06,62.0,0.910077195910703,0.03508771929824572,0.0,1,128
129,2021-09-07,71.0,0.8996453160859585,0.03508771929824572,0.0,2,129
130,2021-09-08,76.0,0.9707907364907155,0.01754385964912286,0.0,2,130
131,2021-09-09,71.0,0.9447110369288544,0.01754385964912286,0.0,1,131
132,2021-09-10,60.0,0.8474859169622365,0.38596491228070184,0.03255813953488372,0,132
133,2021-09-11,59.0,0.9155017734195701,0.03508771929824572,0.0,0,133
134,2021-09-12,66.0,0.9109117462966825,0.03508771929824572,0.0,1,134
135,2021-09-13,67.0,0.8823283955768828,0.03508771929824572,0.0,1,135
136,2021-09-14,70.0,0.8132693511370748,0.07017543859649122,0.0,2,136
137,2021-09-15,68.0,0.8145211767160441,0.33333333333333326,0.0883720930232558,2,137
138,2021-09-16,63.0,0.848320467348216,0.052631578947368474,0.0,1,138
139,2021-09-17,58.0,0.7915710411016064,0.08771929824561409,0.0,0,139
140,2021-09-18,57.0,0.8351762987690381,0.07017543859649122,0.0,0,140
141,2021-09-19,61.0,0.9401210098059668,0.26315789473684204,0.0,1,141
142,2021-09-20,64.0,0.8470686417692467,0.052631578947368474,0.0,1,142
143,2021-09-21,78.0,0.9034007928228666,0.03508771929824572,0.0,2,143
144,2021-09-22,68.0,0.8675151262257458,0.052631578947368474,0.0,2,144
145,2021-09-23,66.0,0.8249530565407885,0.07017543859649122,0.0,1,145
146,2021-09-24,59.0,0.9169622365950343,0.03508771929824572,0.0,0,146
147,2021-09-25,59.0,0.8652201126643019,0.052631578947368474,0.0,0,147
148,2021-09-26,64.0,0.8956812017525557,0.4385964912280702,0.12093023255813953,1,148
149,2021-09-27,66.0,0.8904652618401835,0.22807017543859665,0.0,1,149
150,2021-09-28,73.0,0.8710619653661589,0.052631578947368474,0.0,2,150
151,2021-09-29,75.0,0.8935948257876069,0.21052631578947378,0.0,2,151
152,2021-09-30,64.0,0.8662633006467764,0.052631578947368474,0.0,1,152
153,2021-10-01,61.0,0.7851032756102648,0.08771929824561409,0.0,0,153
154,2021-10-02,60.0,0.8204673482161484,0.08771929824561409,0.0,0,154
155,2021-10-03,69.0,0.855831420822032,0.052631578947368474,0.0,1,155
156,2021-10-04,75.0,0.9856040058418525,0.1578947368421053,0.0,1,156
157,2021-10-05,73.0,0.8702274149801793,0.19298245614035103,0.0,2,157
158,2021-10-06,72.0,0.8823283955768828,0.03508771929824572,0.0,2,158
159,2021-10-07,60.0,0.8076361360317128,0.07017543859649122,0.0,1,159
160,2021-10-08,61.0,0.7656999791362402,0.29824561403508776,0.027906976744186046,0,160
161,2021-10-09,58.0,0.8393490506989358,0.07017543859649122,0.0,0,161
162,2021-10-10,68.0,0.9040267056123512,0.03508771929824572,0.0,1,162
163,2021-10-11,71.0,0.8575005215939911,0.052631578947368474,0.0,1,163
164,2021-10-12,64.0,0.8658460254537866,0.052631578947368474,0.0,2,164
165,2021-10-13,69.0,0.8543709576465678,0.21052631578947378,0.0,2,165
166,2021-10-14,71.0,0.9221781765074064,0.03508771929824572,0.0,1,166
167,2021-10-15,60.0,0.7917796786981013,0.08771929824561409,0.0,0,167
168,2021-10-16,63.0,0.8437304402253285,0.052631578947368474,0.0,0,168
169,2021-10-17,73.0,0.828812852075944,0.052631578947368474,0.0,1,169
170,2021-10-18,67.0,0.8138952639265594,0.4385964912280702,0.03565891472868217,1,170
171,2021-10-19,66.0,0.7187565199248903,0.1228070175438597,0.0,2,171
172,2021-10-20,71.0,0.7800959732943875,0.08771929824561409,0.0,2,172
173,2021-10-21,69.0,0.9006885040684329,0.03508771929824572,0.0,1,173
174,2021-10-22,67.0,0.8011683705403713,0.3157894736842106,0.02868217054263566,0,174
175,2021-10-23,60.0,0.7615272272063425,0.10526315789473684,0.0,0,175
176,2021-10-24,61.0,0.751095347381598,0.10526315789473684,0.0,1,176
177,2021-10-25,67.0,0.9776757771750468,0.01754385964912286,0.0,1,177
178,2021-10-26,72.0,0.9077821823492592,0.03508771929824572,0.0,2,178
179,2021-10-27,67.0,0.8825370331733777,0.03508771929824572,0.0,2,179
180,2021-10-28,72.0,0.9572292927185477,0.1578947368421053,0.0,1,180
181,2021-10-29,60.0,0.8111829751721259,0.07017543859649122,0.0,0,181
182,2021-10-30,61.0,0.7846860004172751,0.08771929824561409,0.0,0,182
183,2021-10-31,64.0,0.8627164615063633,0.052631578947368474,0.0,1,183
184,2021-11-01,61.0,0.6394742332568328,0.19298245614035103,0.0,1,184
185,2021-11-02,67.0,0.5762570415188816,0.5789473684210527,0.04496124031007752,2,185
186,2021-11-03,67.0,0.7003964114333402,0.14035087719298256,0.0,2,186
187,2021-11-04,59.0,0.6171500104318798,0.21052631578947378,0.0,1,187
188,2021-11-05,56.0,0.5754224911329021,0.26315789473684204,0.0,0,188
189,2021-11-06,58.0,0.5861673273523889,0.3157894736842106,0.24883720930232558,0,189
190,2021-11-07,59.0,0.5969121635718755,0.24561403508771928,0.0,1,190
191,2021-11-08,65.0,0.5399540997287711,0.5964912280701755,0.046511627906976744,1,191
192,2021-11-09,65.0,0.5470477780095971,0.14035087719298256,0.0,2,192
193,2021-11-10,58.0,0.5541414562904234,0.29824561403508776,0.33798449612403103,2,193
194,2021-11-11,63.0,0.5898184852910493,0.24561403508771928,0.0,1,194
195,2021-11-12,60.0,0.6630502816607552,0.17543859649122817,0.0,0,195
196,2021-11-13,58.0,0.6290423534320884,0.21052631578947378,0.0,0,196
197,2021-11-14,65.0,0.6267473398706446,0.21052631578947378,0.0,1,197
198,2021-11-15,66.0,0.6081785937825995,0.22807017543859665,0.0,1,198
199,2021-11-16,65.0,0.5656165240976423,0.2807017543859649,0.0,2,199
200,2021-11-17,80.0,0.7356561652409763,0.1228070175438597,0.0,2,200
201,2021-11-18,59.0,0.6181931984143542,0.21052631578947378,0.0,1,201
202,2021-11-19,52.0,0.6440642603797203,0.19298245614035103,0.0,0,202
203,2021-11-20,61.0,0.5831420822032128,0.26315789473684204,0.0,0,203
204,2021-11-21,61.0,0.6156895472564156,0.4736842105263157,0.03798449612403101,1,204
205,2021-11-22,56.0,0.5766743167118714,0.26315789473684204,0.0,1,205
206,2021-11-23,52.0,0.4817442103066971,0.4385964912280702,0.8465116279069768,2,206
207,2021-11-24,68.0,0.6217400375547673,0.21052631578947378,0.0,2,207
208,2021-11-25,63.0,0.627790527853119,0.21052631578947378,0.0,1,208
209,2021-11-26,59.0,0.568120175255581,0.2807017543859649,0.0,0,209
210,2021-11-27,50.0,0.5092843730440224,0.38596491228070184,0.524031007751938,0,210
211,2021-11-28,57.0,0.5263926559566033,0.3508771929824561,0.262015503875969,1,211
212,2021-11-29,65.0,0.6636761944502397,0.17543859649122817,0.0,1,212
213,2021-11-30,65.0,0.5883580221155851,0.24561403508771928,0.0,2,213
214,2021-12-01,60.0,0.4118506154809096,0.6666666666666667,0.05116279069767442,2,214
215,2021-12-02,47.0,0.14562904235343208,0.9649122807017543,0.08992248062015504,1,215
216,2021-12-03,61.0,0.310244105987899,0.8421052631578947,0.06356589147286822,0,216
217,2021-12-04,54.0,0.33256832881285203,1.0,0.31085271317829455,0,217
218,2021-12-05,50.0,0.2849989568120175,0.9824561403508771,0.07674418604651162,1,218
219,2021-12-06,50.0,0.2939703734612977,0.8771929824561404,0.25813953488372093,1,219
220,2021-12-07,63.0,0.3680367202169831,0.8070175438596492,0.06124031007751938,2,220
221,2021-12-08,60.0,0.2841644064260379,0.824561403508772,0.06279069767441861,2,221
222,2021-12-09,53.0,0.34571249739202997,0.9824561403508771,0.0751937984496124,1,222
223,2021-12-10,59.0,0.4030878364281243,0.7017543859649122,0.06124031007751938,0,223
224,2021-12-11,60.0,0.32818693928645937,0.9473684210526316,0.07364341085271317,0,224
225,2021-12-12,58.0,0.4233256832881285,0.7894736842105263,0.06046511627906977,1,225
226,2021-12-13,55.0,0.40162737325266007,0.7192982456140351,0.23100775193798448,1,226
227,2021-12-14,54.0,0.3757563112872939,0.9473684210526316,0.4697674418604651,2,227
228,2021-12-15,56.0,0.34988524932192777,0.8421052631578947,0.06434108527131782,2,228
229,2021-12-16,50.0,0.24389735030252446,0.8596491228070176,0.36589147286821705,1,229
230,2021-12-17,51.0,0.4406426037972042,0.5614035087719298,0.0434108527131783,0,230
231,2021-12-18,53.0,0.3540580012518255,0.894736842105263,0.06821705426356589,0,231
232,2021-12-19,52.0,0.3098268307949092,0.9824561403508771,0.0751937984496124,1,232
233,2021-12-20,55.0,0.29668266221573125,0.9649122807017543,0.07441860465116279,1,233
234,2021-12-21,54.0,0.34383475902357596,0.8421052631578947,0.24186046511627907,2,234
235,2021-12-22,62.0,0.4322970999374086,0.5964912280701755,0.22790697674418603,2,235
236,2021-12-23,57.0,0.3006467765491341,0.9122807017543859,0.3325581395348837,1,236
237,2021-12-24,54.0,0.3394533694971833,0.9649122807017543,0.08139534883720931,0,237
238,2021-12-25,58.0,0.44439808053411217,0.736842105263158,0.05581395348837209,0,238
239,2021-12-26,59.0,0.3974546213227623,0.736842105263158,0.05581395348837209,1,239
240,2021-12-27,58.0,0.3797204256206968,0.7192982456140351,0.05426356589147287,1,240
241,2021-12-28,55.0,0.3167118714792405,0.8771929824561404,0.35968992248062015,2,241
242,2021-12-29,67.0,0.38577091591904855,0.8070175438596492,0.06434108527131782,2,242
243,2021-12-30,62.0,0.4197788441477154,0.6315789473684212,0.06434108527131782,1,243
244,2021-12-31,54.0,0.29668266221573125,0.8421052631578947,0.06511627906976744,0,244
245,2022-01-01,43.0,0.08408095138744001,0.8421052631578947,0.06434108527131782,0,245
246,2022-01-02,50.0,0.12080116837054035,0.9473684210526316,0.08449612403100776,1,246
247,2022-01-03,53.0,0.1556436469851867,0.9824561403508771,0.22713178294573644,1,247
248,2022-01-04,51.0,0.10828291258084706,0.894736842105263,0.3062015503875969,2,248
249,2022-01-05,61.0,0.2472355518464427,0.9298245614035088,0.07131782945736434,2,249
250,2022-01-06,53.0,0.18485291049447108,0.8771929824561404,0.26434108527131783,1,250
251,2022-01-07,48.0,0.11579386605466305,0.9473684210526316,0.08139534883720931,0,251
252,2022-01-08,50.0,0.1147506780721886,0.9473684210526316,0.07364341085271317,0,252
253,2022-01-09,55.0,0.24160233674108073,0.8771929824561404,0.06666666666666667,1,253
254,2022-01-10,54.0,0.15501773419570206,0.9298245614035088,0.1434108527131783,1,254
255,2022-01-11,57.0,0.1758814938451909,0.8771929824561404,0.348062015503876,2,255
256,2022-01-12,55.0,0.07490089714166492,0.9649122807017543,0.10387596899224806,2,256
257,2022-01-13,54.0,0.11495931566868349,0.9649122807017543,0.07364341085271317,1,257
258,2022-01-14,48.0,0.20822032130189858,0.8771929824561404,0.2062015503875969,0,258
259,2022-01-15,54.0,0.1329021489672439,0.8421052631578947,0.06356589147286822,0,259
260,2022-01-16,59.0,0.22783225537241808,0.894736842105263,0.06899224806201551,1,260
261,2022-01-17,53.0,0.1416649280200292,0.9122807017543859,0.07054263565891473,1,261
262,2022-01-18,58.0,0.15668683496766114,0.9298245614035088,0.07209302325581396,2,262
263,2022-01-19,59.0,0.0895055288963071,0.824561403508772,0.06356589147286822,2,263
264,2022-01-20,55.0,0.18047152096807842,0.8596491228070176,0.2434108527131783,1,264
265,2022-01-21,45.0,0.10953473815981639,0.9649122807017543,0.12015503875968993,0,265
266,2022-01-22,44.0,0.09659920717713333,0.894736842105263,0.10232558139534884,0,266
267,2022-01-23,56.0,0.23972459837262672,0.894736842105263,0.12093023255813953,1,267
268,2022-01-24,59.0,0.19152931358230751,0.8596491228070176,0.06589147286821705,1,268
269,2022-01-25,59.5,0.15376590861673273,0.8596491228070176,0.06511627906976744,2,269
270,2022-01-26,60.0,0.1164197788441477,0.8596491228070176,0.06511627906976744,2,270
271,2022-01-27,50.0,0.10139787189651575,0.9298245614035088,0.07131782945736434,1,271
272,2022-01-28,55.0,0.11892343000208637,0.9122807017543859,0.07054263565891473,0,272
273,2022-01-29,46.0,0.19820571667014394,0.9649122807017543,0.46201550387596896,0,273
274,2022-01-30,46.0,0.026288337158355934,0.7719298245614035,0.2899224806201551,1,274
275,2022-01-31,59.0,0.24055914875860626,0.9298245614035088,0.1372093023255814,1,275
276,2022-02-01,60.0,0.31107865637387855,0.9473684210526316,0.07209302325581396,2,276
277,2022-02-02,69.0,0.33757563112872935,0.6140350877192984,0.237984496124031,2,277
278,2022-02-03,59.0,0.36407260588358015,0.9649122807017543,0.07364341085271317,1,278
279,2022-02-04,54.0,0.44606718130607126,0.5438596491228069,0.04263565891472868,0,279
280,2022-02-05,52.0,0.36907990819945746,0.8596491228070176,0.19612403100775191,0,280
281,2022-02-06,57.0,0.2585019820571667,0.8421052631578947,0.22170542635658913,1,281
282,2022-02-07,54.0,0.36240350511162106,0.9649122807017543,0.17829457364341084,1,282
283,2022-02-08,60.0,0.3004381389526392,0.9649122807017543,0.49224806201550386,2,283
284,2022-02-09,63.0,0.3832672647611099,0.824561403508772,0.06201550387596899,2,284
285,2022-02-10,50.0,0.31817233465470474,0.8771929824561404,0.8131782945736434,1,285
286,2022-02-11,57.0,0.48090965992071766,0.4385964912280702,0.03643410852713178,0,286
287,2022-02-12,56.0,0.39620279574379297,0.736842105263158,0.3,0,287
288,2022-02-13,56.0,0.3334028791988316,0.894736842105263,0.2131782945736434,1,288
289,2022-02-14,61.0,0.377425412059253,0.7894736842105263,0.059689922480620154,1,289
290,2022-02-15,62.0,0.3880659294804923,0.7894736842105263,0.059689922480620154,2,290
291,2022-02-16,65.0,0.3171291466722303,0.9824561403508771,0.12015503875968993,2,291
292,2022-02-17,60.0,0.3565616524097642,0.824561403508772,0.06511627906976744,1,292
293,2022-02-18,56.0,0.42822866680575833,0.7017543859649122,0.08372093023255814,0,293
294,2022-02-19,61.0,0.49989568120175243,0.4035087719298247,0.15581395348837207,0,294
295,2022-02-20,64.0,0.39390778218234923,0.7543859649122806,0.15348837209302324,1,295
296,2022-02-21,57.0,0.31963279783016896,0.894736842105263,0.1372093023255814,1,296
297,2022-02-22,63.0,0.312121844356353,0.9122807017543859,0.14418604651162792,2,297
298,2022-02-23,66.0,0.41226789067389935,0.8070175438596492,0.14651162790697672,2,298
299,2022-02-24,60.0,0.3687669518047152,0.736842105263158,0.05581395348837209,1,299
300,2022-02-25,44.0,0.3252660129355309,0.9649122807017543,0.7465116279069768,0,300
301,2022-02-26,51.0,0.3790945128312121,0.6842105263157894,0.27984496124031005,0,301
302,2022-02-27,62.0,0.32860421447944915,0.894736842105263,0.15581395348837207,1,302
303,2022-02-28,64.0,0.45295222199040264,0.5263157894736843,0.04108527131782946,1,303
304,2022-03-01,68.0,0.5401627373252659,0.3157894736842106,0.02945736434108527,2,304
305,2022-03-02,69.0,0.648237012309618,0.19298245614035103,0.0,2,305
306,2022-03-03,69.0,0.5424577508867097,0.3157894736842106,0.02868217054263566,1,306
307,2022-03-04,62.0,0.5881493845190903,0.24561403508771928,0.0,0,307
308,2022-03-05,65.0,0.7093678280826203,0.14035087719298256,0.0,0,308
309,2022-03-06,63.0,0.5964948883788858,0.24561403508771928,0.0,1,309
310,2022-03-07,67.0,0.6090131441685791,0.22807017543859665,0.0,1,310
311,2022-03-08,73.0,0.6090131441685791,0.22807017543859665,0.0,2,311
312,2022-03-09,63.0,0.508449822658043,0.38596491228070184,0.2689922480620155,2,312
313,2022-03-10,67.0,0.6680575839766324,0.3157894736842106,0.02868217054263566,1,313
314,2022-03-11,64.0,0.7529730857500521,0.10526315789473684,0.0,0,314
315,2022-03-12,64.0,0.6286250782390985,0.21052631578947378,0.0,0,315
316,2022-03-13,65.0,0.6684748591696222,0.17543859649122817,0.0,1,316
317,2022-03-14,69.0,0.674525349467974,0.1578947368421053,0.0,1,317
318,2022-03-15,72.0,0.648237012309618,0.19298245614035103,0.0,2,318
319,2022-03-16,68.0,0.6129772585019819,0.22807017543859665,0.0,2,319
320,2022-03-17,67.0,0.6348842061339453,0.19298245614035103,0.0,1,320
321,2022-03-18,65.0,0.6396828708533276,0.19298245614035103,0.0,0,321
322,2022-03-19,65.0,0.5810557062382641,0.49122807017543857,0.03953488372093023,0,322
323,2022-03-20,68.0,0.5610264969747547,0.29824561403508776,0.0,1,323
324,2022-03-21,63.0,0.6288337158355934,0.21052631578947378,0.0,1,324
325,2022-03-22,71.0,0.7127060296265386,0.14035087719298256,0.0,2,325
326,2022-03-23,67.5,0.684122678906739,0.21052631578947378,0.0,2,326
327,2022-03-24,64.0,0.6555393281869392,0.17543859649122817,0.0,1,327
328,2022-03-25,56.0,0.5760484039223867,0.49122807017543857,0.05891472868217054,0,328
329,2022-03-26,65.0,0.5117880242019611,0.368421052631579,0.03178294573643411,0,329
330,2022-03-27,70.0,0.7220947214688086,0.2807017543859649,0.0,1,330
331,2022-03-28,70.0,0.6939286459419987,0.14035087719298256,0.0,1,331
332,2022-03-29,79.0,0.6976841226789067,0.14035087719298256,0.0,2,332
333,2022-03-30,73.0,0.6924681827665344,0.1578947368421053,0.0,2,333
334,2022-03-31,66.0,0.5881493845190903,0.24561403508771928,0.0,1,334
335,2022-04-01,68.0,0.7208428958898393,0.1228070175438597,0.0,0,335
336,2022-04-02,62.0,0.6955977467139577,0.14035087719298256,0.0,0,336
337,2022-04-03,68.0,0.6928854579595242,0.5438596491228069,0.1511627906976744,1,337
338,2022-04-04,66.0,0.6822449405382849,0.1578947368421053,0.0,1,338
339,2022-04-05,67.0,0.6290423534320884,0.21052631578947378,0.0,2,339
340,2022-04-06,72.0,0.680158564573336,0.1578947368421053,0.0,2,340
341,2022-04-07,74.0,0.8130607135405798,0.07017543859649122,0.0,1,341
342,2022-04-08,63.0,0.6553306905904442,0.17543859649122817,0.0,0,342
343,2022-04-09,66.0,0.6052576674316711,0.22807017543859665,0.0,0,343
344,2022-04-10,74.0,0.8051324848737741,0.07017543859649122,0.0,1,344
345,2022-04-11,68.0,0.7558940121009805,0.10526315789473684,0.0,1,345
346,2022-04-12,76.0,0.7358648028374711,0.1228070175438597,0.0,2,346
347,2022-04-13,69.0,0.7152096807844772,0.4736842105263157,0.03798449612403101,2,347
348,2022-04-14,63.0,0.7427498435218025,0.1228070175438597,0.0,1,348
349,2022-04-15,61.0,0.7617358648028374,0.10526315789473684,0.0,0,349
350,2022-04-16,63.0,0.6640934696432296,0.17543859649122817,0.0,0,350
351,2022-04-17,69.0,0.7093678280826203,0.14035087719298256,0.0,1,351
352,2022-04-18,67.0,0.6227832255372417,0.4035087719298247,0.034108527131782945,1,352
353,2022-04-19,72.0,0.7763404965574795,0.08771929824561409,0.0,2,353
354,2022-04-20,75.0,0.693094095556019,0.1578947368421053,0.0,2,354
355,2022-04-21,71.0,0.7218860838723137,0.1228070175438597,0.0,1,355
356,2022-04-22,70.0,0.6945545587314833,0.14035087719298256,0.0,0,356
357,2022-04-23,63.0,0.7796786981013978,0.3157894736842106,0.02868217054263566,0,357
358,2022-04-24,68.0,0.657625704151888,0.17543859649122817,0.0,1,358
359,2022-04-25,70.0,0.7035259753807634,0.14035087719298256,0.0,1,359
360,2022-04-26,76.0,0.754850824118506,0.10526315789473684,0.0,2,360
361,2022-04-27,76.0,0.7189651575213852,0.1228070175438597,0.0,2,361
362,2022-04-28,71.0,0.7106196536615896,0.29824561403508776,0.09689922480620156,1,362
363,2022-04-29,62.0,0.6837054037137491,0.1578947368421053,0.0,0,363
364,2022-04-30,65.0,0.64448153557271,0.19298245614035103,0.0,0,364
365,2022-05-01,69.0,0.5998330899228039,0.24561403508771928,0.0,1,365
366,2022-05-02,66.0,0.5741706655539327,0.26315789473684204,0.0,1,366
367,2022-05-03,73.0,0.6960150219069475,0.14035087719298256,0.0,2,367
368,2022-05-04,71.0,0.5553932818693927,0.29824561403508776,0.027906976744186046,2,368
369,2022-05-05,69.0,0.66325891925725,0.17543859649122817,0.0,1,369
370,2022-05-06,64.0,0.6144377216774461,0.38596491228070184,0.03255813953488372,0,370
371,2022-05-07,63.0,0.6223659503442519,0.21052631578947378,0.0,0,371
372,2022-05-08,68.0,0.5683288128520759,0.2807017543859649,0.0,1,372
373,2022-05-09,68.0,0.578239098685583,0.42105263157894757,0.03488372093023256,1,373
374,2022-05-10,73.0,0.5881493845190903,0.24561403508771928,0.0,2,374
375,2022-05-11,69.0,0.5391195493427915,0.33333333333333326,0.2116279069767442,2,375
376,2022-05-12,69.0,0.6432297099937407,0.19298245614035103,0.0,1,376
377,2022-05-13,63.0,0.667014395994158,0.17543859649122817,0.0,0,377
378,2022-05-14,64.0,0.6200709367828081,0.21052631578947378,0.0,0,378
379,2022-05-15,70.0,0.6549134153974545,0.17543859649122817,0.0,1,379
380,2022-05-16,62.0,0.536198622991863,0.33333333333333326,0.02945736434108527,1,380
381,2022-05-17,71.0,0.538076361360317,0.33333333333333326,0.02945736434108527,2,381
382,2022-05-18,74.0,0.6655539328186938,0.17543859649122817,0.0,2,382
383,2022-05-19,76.0,0.6981013978718964,0.14035087719298256,0.0,1,383
384,2022-05-20,65.0,0.5841852701856873,0.26315789473684204,0.0,0,384
385,2022-05-21,66.0,0.7556853745044856,0.10526315789473684,0.0,0,385
386,2022-05-22,68.0,0.5395368245357812,0.3157894736842106,0.02945736434108527,1,386
387,2022-05-23,69.0,0.6953891091174629,0.14035087719298256,0.0,1,387
388,2022-05-24,72.0,0.6511579386605465,0.19298245614035103,0.0,2,388
389,2022-05-25,73.0,0.4923847277279365,0.5614035087719298,0.0441860465116279,2,389
390,2022-05-26,63.0,0.5457959524306278,0.45614035087719285,0.14806201550387596,1,390
391,2022-05-27,63.0,0.6705612351345711,0.17543859649122817,0.0,0,391
392,2022-05-28,67.0,0.5944085124139369,0.24561403508771928,0.0,0,392
393,2022-05-29,73.0,0.578482509214827,0.24561403508771928,0.0,1,393
394,2022-05-30,70.0,0.5625565060157173,0.2807017543859649,0.0,1,394
395,2022-05-31,70.0,0.5466305028166074,0.3157894736842106,0.03333333333333333,2,395
396,2022-06-01,61.0,0.3369497183392447,0.9824561403508771,0.4806201550387597,2,396
397,2022-06-02,66.0,0.45211767160442307,0.5263157894736843,0.04108527131782946,1,397
398,2022-06-03,63.0,0.5019820571667013,0.38596491228070184,0.1317829457364341,0,398
399,2022-06-04,59.0,0.44126851658668886,0.5614035087719298,0.15426356589147286,0,399
400,2022-06-05,60.0,0.43772167744627577,0.38596491228070184,0.1635658914728682,1,400
401,2022-06-06,67.0,0.4341748383058627,0.7719298245614035,0.05813953488372093,1,401
402,2022-06-07,71.0,0.4669309409555601,0.4736842105263157,0.03798449612403101,2,402
403,2022-06-08,69.0,0.4802837471312329,0.6666666666666667,0.06434108527131782,2,403
404,2022-06-09,67.0,0.46275818902566235,0.49122807017543857,0.03875968992248062,1,404
405,2022-06-10,56.0,0.4441894429376173,0.5438596491228069,0.08294573643410853,0,405
406,2022-06-11,63.0,0.3911954934279156,0.7719298245614035,0.05891472868217054,0,406
407,2022-06-12,59.0,0.42290840809513863,0.6315789473684212,0.29767441860465116,1,407
408,2022-06-13,65.0,0.5672856248696014,0.2807017543859649,0.0,1,408
409,2022-06-14,73.0,0.5430836636761943,0.3157894736842106,0.034108527131782945,2,409
410,2022-06-15,69.0,0.5178385145003128,0.368421052631579,0.04186046511627907,2,410
411,2022-06-16,60.0,0.41101606509493005,0.6666666666666667,0.3612403100775194,1,411
412,2022-06-17,63.0,0.3901523054454412,0.7719298245614035,0.05891472868217054,0,412
413,2022-06-18,62.0,0.4756937200083454,0.29824561403508776,0.02868217054263566,0,413
414,2022-06-19,65.0,0.5612351345712496,0.29824561403508776,0.0,1,414
415,2022-06-20,70.0,0.5049029835176297,0.38596491228070184,0.05503875968992248,1,415
416,2022-06-21,64.0,0.3841018151470894,0.8070175438596492,0.06201550387596899,2,416
417,2022-06-22,71.0,0.44439808053411217,0.5438596491228069,0.1186046511627907,2,417
418,2022-06-23,59.0,0.5489255163780512,0.3157894736842106,0.39224806201550383,1,418
419,2022-06-24,63.0,0.4959315668683496,0.6666666666666667,0.050387596899224806,0,419
420,2022-06-25,68.0,0.56978927602754,0.2807017543859649,0.0,0,420
421,2022-06-26,64.0,0.4600459002712288,0.49122807017543857,0.0875968992248062,1,421
422,2022-06-27,70.0,0.5856457333611516,0.26315789473684204,0.0,1,422
423,2022-06-28,67.0,0.3851450031295639,0.8070175438596492,0.2441860465116279,2,423
424,2022-06-29,67.0,0.4103901523054454,0.6842105263157894,0.06356589147286822,2,424
425,2022-06-30,68.0,0.6317546421865219,0.21052631578947378,0.0,1,425
426,2022-07-01,54.0,0.5482996035885666,0.3157894736842106,0.02868217054263566,0,426
427,2022-07-02,67.0,0.5672856248696014,0.2807017543859649,0.0,0,427
428,2022-07-03,71.0,0.5001043187982473,0.4035087719298247,0.08449612403100776,1,428
429,2022-07-04,70.0,0.625912789484665,0.4385964912280702,0.03565891472868217,1,429
430,2022-07-05,72.0,0.46755685374504474,0.7894736842105263,0.059689922480620154,2,430
431,2022-07-06,69.0,0.4679741289380346,0.4736842105263157,0.03953488372093023,2,431
432,2022-07-07,68.0,0.478197371166284,0.5964912280701755,0.046511627906976744,1,432
433,2022-07-08,63.0,0.5401627373252659,0.3157894736842106,0.1054263565891473,0,433
434,2022-07-09,61.0,0.567911537659086,0.2807017543859649,0.0,0,434
435,2022-07-10,73.0,0.594199874817442,0.24561403508771928,0.0,1,435
436,2022-07-11,69.0,0.4971833924473189,0.4035087719298247,0.034108527131782945,1,436
437,2022-07-12,77.0,0.5687460880450657,0.6140350877192984,0.047286821705426356,2,437
438,2022-07-13,70.0,0.5359899853953681,0.33333333333333326,0.17829457364341084,2,438
439,2022-07-14,63.0,0.45608178593782595,0.5087719298245614,0.040310077519379844,1,439
440,2022-07-15,68.0,0.60734404339662,0.22807017543859665,0.0,0,440
441,2022-07-16,66.0,0.5989985395368245,0.24561403508771928,0.0,0,441
442,2022-07-17,70.0,0.6254955142916753,0.21052631578947378,0.0,1,442
443,2022-07-18,64.0,0.5551846442728978,0.29824561403508776,0.22325581395348837,1,443
444,2022-07-19,67.0,0.5197162528687669,0.6491228070175439,0.23643410852713176,2,444
445,2022-07-20,67.0,0.5117880242019611,0.368421052631579,0.047286821705426356,2,445
446,2022-07-21,62.0,0.4252034216565824,0.6140350877192984,0.16124031007751938,1,446
447,2022-07-22,57.0,0.32839557688295423,0.894736842105263,0.20930232558139536,0,447
448,2022-07-23,59.0,0.6423951596077612,0.19298245614035103,0.0,0,448
449,2022-07-24,60.0,0.4295848111829751,0.5964912280701755,0.475968992248062,1,449
450,2022-07-25,73.0,0.6075526809931149,0.45614035087719285,0.13333333333333333,1,450
451,2022-07-26,67.0,0.42687252242854157,0.824561403508772,0.4077519379844961,2,451
452,2022-07-27,67.0,0.4535781347798873,0.5087719298245614,0.23178294573643413,2,452
453,2022-07-28,71.0,0.573544752764448,0.2807017543859649,0.0,1,453
454,2022-07-29,63.0,0.524932192781139,0.49122807017543857,0.03953488372093023,0,454
455,2022-07-30,57.0,0.5353640726058835,0.33333333333333326,0.08527131782945736,0,455
456,2022-07-31,72.0,0.5001043187982473,0.4035087719298247,0.03333333333333333,1,456
457,2022-08-01,73.0,0.6275818902566241,0.21052631578947378,0.0,1,457
458,2022-08-02,80.0,0.7131233048195283,0.14035087719298256,0.0,2,458
459,2022-08-03,77.0,0.6100563321510536,0.22807017543859665,0.0,2,459
460,2022-08-04,71.0,0.7984560817859376,0.08771929824561409,0.0,1,460
461,2022-08-05,66.0,0.7185478823283955,0.1228070175438597,0.0,0,461
462,2022-08-06,73.0,0.6809931149593156,0.1578947368421053,0.0,0,462
463,2022-08-07,77.0,0.7571458376799498,0.10526315789473684,0.0,1,463
464,2022-08-08,72.0,0.749217609013144,0.10526315789473684,0.0,1,464
465,2022-08-09,82.0,0.8132693511370748,0.07017543859649122,0.0,2,465
466,2022-08-10,84.0,0.7636136031712913,0.10526315789473684,0.0,2,466
467,2022-08-11,69.0,0.751095347381598,0.10526315789473684,0.0,1,467
468,2022-08-12,64.0,0.7072814521176715,0.14035087719298256,0.0,0,468
469,2022-08-13,67.0,0.7049864385562277,0.14035087719298256,0.0,0,469
470,2022-08-14,72.0,0.6728562486960149,0.1578947368421053,0.0,1,470
471,2022-08-15,77.0,0.7725850198205716,0.08771929824561409,0.0,1,471
472,2022-08-16,76.0,0.7172960567494261,0.1228070175438597,0.0,2,472
473,2022-08-17,75.0,0.6680575839766324,0.17543859649122817,0.0,2,473
474,2022-08-18,79.0,0.7448362194867514,0.10526315789473684,0.0,1,474
475,2022-08-19,62.0,0.6962236595034424,0.14035087719298256,0.0,0,475
476,2022-08-20,70.0,0.771750469434592,0.10526315789473684,0.0,0,476
477,2022-08-21,70.0,0.6718130607135404,0.1578947368421053,0.0,1,477
478,2022-08-22,74.0,0.633632380554976,0.21052631578947378,0.0,1,478
479,2022-08-23,72.0,0.6622157312747756,0.17543859649122817,0.0,2,479
480,2022-08-24,79.0,0.7193824327143751,0.29824561403508776,0.027906976744186046,2,480
481,2022-08-25,68.0,0.7423325683288128,0.1228070175438597,0.0,1,481
482,2022-08-26,69.0,0.7980388065929479,0.08771929824561409,0.0,0,482
483,2022-08-27,72.0,0.8823283955768828,0.03508771929824572,0.0,0,483
484,2022-08-28,72.0,0.76611725432923,0.4035087719298247,0.1317829457364341,1,484
485,2022-08-29,75.0,0.5956603379929062,0.24561403508771928,0.0,1,485
486,2022-08-30,74.0,0.7166701439599414,0.14035087719298256,0.0,2,486
487,2022-08-31,79.0,0.760484039223868,0.10526315789473684,0.0,2,487
488,2022-09-01,74.0,0.7592322136448987,0.10526315789473684,0.0,1,488
489,2022-09-02,67.0,0.7629876903818067,0.42105263157894757,0.03488372093023256,0,489
490,2022-09-03,76.0,0.8833715835593572,0.03508771929824572,0.0,0,490
491,2022-09-04,71.0,0.6847485916962235,0.1578947368421053,0.0,1,491
492,2022-09-05,81.0,0.9198831629459627,0.03508771929824572,0.0,1,492
493,2022-09-06,79.0,0.8460254537867723,0.052631578947368474,0.0,2,493
494,2022-09-07,79.0,0.8981848529104943,0.03508771929824572,0.0,2,494
495,2022-09-08,76.0,0.7583976632589191,0.10526315789473684,0.0,1,495
496,2022-09-09,71.0,0.9559774671395784,0.01754385964912286,0.0,0,496
497,2022-09-10,71.0,0.9384519090340078,0.33333333333333326,0.02945736434108527,0,497
498,2022-09-11,71.0,0.8890047986647193,0.03508771929824572,0.0,1,498
499,2022-09-12,74.0,0.8057583976632589,0.07017543859649122,0.0,1,499
500,2022-09-13,83.0,0.8103484247861463,0.07017543859649122,0.0,2,500
501,2022-09-14,80.0,0.8852493219278113,0.03508771929824572,0.0,2,501
502,2022-09-15,80.0,0.9138326726476109,0.03508771929824572,0.0,1,502
503,2022-09-16,72.0,0.8760692676820361,0.052631578947368474,0.0,0,503
504,2022-09-17,69.0,0.8318380972251198,0.07017543859649122,0.0,0,504
505,2022-09-18,77.0,0.9455455873148341,0.01754385964912286,0.0,1,505
506,2022-09-19,81.0,0.9484665136657623,0.01754385964912286,0.0,1,506
507,2022-09-20,83.0,0.8360108491550176,0.07017543859649122,0.0,2,507
508,2022-09-21,81.0,0.8885875234717294,0.03508771929824572,0.0,2,508
509,2022-09-22,83.0,0.9102858335071978,0.03508771929824572,0.0,1,509
510,2022-09-23,73.0,0.7834341748383058,0.08771929824561409,0.0,0,510
511,2022-09-24,77.0,0.9346964322970998,0.01754385964912286,0.0,0,511
512,2022-09-25,82.0,0.9142499478406008,0.03508771929824572,0.0,1,512
513,2022-09-26,81.0,0.8650114750678071,0.052631578947368474,0.0,1,513
514,2022-09-27,80.0,0.8543709576465678,0.052631578947368474,0.0,2,514
515,2022-09-28,82.0,0.9061130815773001,0.03508771929824572,0.0,2,515
516,2022-09-29,70.0,0.8956812017525557,0.03508771929824572,0.0,1,516
517,2022-09-30,72.0,0.9346964322970998,0.01754385964912286,0.0,0,517
518,2022-10-01,69.0,0.8779470060504901,0.052631578947368474,0.0,0,518
519,2022-10-02,75.0,0.8424786146463591,0.052631578947368474,0.0,1,519
520,2022-10-03,82.0,0.9484665136657623,0.01754385964912286,0.0,1,520
521,2022-10-04,86.0,0.9067389943667846,0.03508771929824572,0.0,2,521
522,2022-10-05,80.0,0.833507197997079,0.07017543859649122,0.0,2,522
523,2022-10-06,80.0,0.9588983934905068,0.01754385964912286,0.0,1,523
524,2022-10-07,74.0,0.9292718547882327,0.01754385964912286,0.0,0,524
525,2022-10-08,67.0,0.8474859169622365,0.22807017543859665,0.0,0,525
526,2022-10-09,76.0,0.8629250991028582,0.052631578947368474,0.0,1,526
527,2022-10-10,77.0,0.8291258084706863,0.07017543859649122,0.0,1,527
528,2022-10-11,76.0,0.7469225954517003,0.10526315789473684,0.0,2,528
529,2022-10-12,81.0,0.7840600876277904,0.24561403508771928,0.0,2,529
530,2022-10-13,72.0,0.7066555393281868,0.14035087719298256,0.0,1,530
531,2022-10-14,68.0,0.8735656165240975,0.052631578947368474,0.0,0,531
532,2022-10-15,72.0,0.9578552055080324,0.1578947368421053,0.0,0,532
533,2022-10-16,79.0,0.8516586688921343,0.052631578947368474,0.0,1,533
534,2022-10-17,82.0,0.9999999999999999,0.0,0.0,1,534
535,2022-10-18,83.0,0.9186313373669933,0.24561403508771928,0.0,2,535
536,2022-10-19,82.0,0.8372626747339869,0.07017543859649122,0.0,2,536
537,2022-10-20,74.0,0.7928228666805757,0.08771929824561409,0.0,1,537
538,2022-10-21,71.0,0.8086793240141873,0.07017543859649122,0.0,0,538
539,2022-10-22,76.0,0.883997496348842,0.19298245614035103,0.0,0,539
540,2022-10-23,71.0,0.788441477154183,0.08771929824561409,0.0,1,540
541,2022-10-24,71.0,0.8045065720842894,0.07017543859649122,0.0,1,541
542,2022-10-25,84.0,0.848320467348216,0.052631578947368474,0.0,2,542
543,2022-10-26,78.0,0.8249530565407885,0.07017543859649122,0.0,2,543
544,2022-10-27,75.0,0.8259962445232629,0.07017543859649122,0.0,1,544
545,2022-10-28,69.0,0.7177133319424159,0.1228070175438597,0.0,0,545
546,2022-10-29,77.0,0.8224494053828498,0.07017543859649122,0.0,0,546
547,2022-10-30,70.0,0.8465470477780095,0.08771929824561409,0.0,1,547
548,2022-10-31,74.0,0.870644690173169,0.052631578947368474,0.0,1,548
549,2022-11-01,83.0,0.8547882328395575,0.052631578947368474,0.0,2,549
550,2022-11-02,77.0,0.6367619445023992,0.19298245614035103,0.0,2,550
551,2022-11-03,70.0,0.5919048612559983,0.24561403508771928,0.0,1,551
552,2022-11-04,67.0,0.6006676403087835,0.6140350877192984,0.04806201550387597,0,552
553,2022-11-05,69.0,0.6897558940121008,0.1578947368421053,0.0,0,553
554,2022-11-06,66.0,0.41936156895472554,0.6315789473684212,0.04883720930232558,1,554
555,2022-11-07,77.0,0.6338410181514708,0.19298245614035103,0.0,1,555
556,2022-11-08,79.0,0.5912789484665135,0.24561403508771928,0.0,2,556
557,2022-11-09,75.0,0.6893386188191111,0.1578947368421053,0.0,2,557
558,2022-11-10,69.0,0.6163154600459001,0.38596491228070184,0.17209302325581396,1,558
559,2022-11-11,69.0,0.6163154600459001,0.22807017543859665,0.0,0,559
560,2022-11-12,68.0,0.556645107448362,0.29824561403508776,0.0,0,560
561,2022-11-13,75.0,0.6380137700813686,0.19298245614035103,0.0,1,561
562,2022-11-14,77.0,0.6263300646776547,0.21052631578947378,0.0,1,562
563,2022-11-15,71.0,0.5040684331316502,0.38596491228070184,0.07829457364341086,2,563
564,2022-11-16,75.0,0.6298769038180679,0.21052631578947378,0.0,2,564
565,2022-11-17,75.0,0.6897558940121008,0.1578947368421053,0.0,1,565
566,2022-11-18,66.0,0.5631128729397037,0.2807017543859649,0.0,0,566
567,2022-11-19,65.0,0.5188817024827873,0.368421052631579,0.03875968992248062,0,567
568,2022-11-20,66.0,0.5875234717296055,0.24561403508771928,0.0,1,568
569,2022-11-21,72.0,0.6079699561861046,0.22807017543859665,0.0,1,569
570,2022-11-22,74.0,0.538076361360317,0.33333333333333326,0.02945736434108527,2,570
571,2022-11-23,74.0,0.5539328186939285,0.29824561403508776,0.050387596899224806,2,571
572,2022-11-24,69.0,0.6348842061339453,0.19298245614035103,0.0,1,572
573,2022-11-25,70.0,0.5268099311495931,0.3508771929824561,0.030232558139534883,0,573
574,2022-11-26,68.0,0.6190277488003337,0.4736842105263157,0.03798449612403101,0,574
575,2022-11-27,73.0,0.633423742958481,0.21052631578947378,0.0,1,575
576,2022-11-28,75.0,0.6396828708533276,0.19298245614035103,0.0,1,576
577,2022-11-29,73.0,0.6090131441685791,0.22807017543859665,0.0,2,577
578,2022-11-30,73.0,0.5412059253077404,0.3157894736842106,0.03488372093023256,2,578
579,2022-12-01,70.0,0.26184018360108485,0.9298245614035088,0.07596899224806201,1,579
580,2022-12-02,61.0,0.40162737325266007,0.7192982456140351,0.05426356589147287,0,580
581,2022-12-03,58.0,0.37638222407677857,0.7719298245614035,0.20775193798449612,0,581
582,2022-12-04,63.0,0.3477988733569789,0.9122807017543859,0.1263565891472868,1,582
583,2022-12-05,69.0,0.34612977258501976,0.9298245614035088,0.07054263565891473,1,583
584,2022-12-06,65.0,0.22470269142499474,0.8596491228070176,0.21472868217054264,2,584
585,2022-12-07,67.0,0.31379094512831207,0.9649122807017543,0.1945736434108527,2,585
586,2022-12-08,66.0,0.4348007510953473,0.5789473684210527,0.04496124031007752,1,586
587,2022-12-09,65.0,0.40287919883162937,0.7192982456140351,0.05426356589147287,0,587
588,2022-12-10,69.0,0.27727936574170664,0.9473684210526316,0.07286821705426356,0,588
589,2022-12-11,72.0,0.3901523054454412,0.7719298245614035,0.05891472868217054,1,589
590,2022-12-12,69.0,0.3525975380763613,0.8771929824561404,0.06666666666666667,1,590
591,2022-12-13,71.0,0.2722720634258293,0.8771929824561404,0.06666666666666667,2,591
592,2022-12-14,76.0,0.2841644064260379,0.9298245614035088,0.07209302325581396,2,592
593,2022-12-15,65.0,0.4775714583767994,0.45614035087719285,0.1054263565891473,1,593
594,2022-12-16,58.0,0.3615689547256415,0.8421052631578947,0.06356589147286822,0,594
595,2022-12-17,63.0,0.3911954934279156,0.7719298245614035,0.19612403100775191,0,595
596,2022-12-18,64.0,0.28979762153139993,0.9649122807017543,0.07441860465116279,1,596
597,2022-12-19,62.0,0.3467556853745044,0.8596491228070176,0.3054263565891473,1,597
598,2022-12-20,65.0,0.3384101815147089,0.9122807017543859,0.11937984496124031,2,598
599,2022-12-21,73.0,0.3730440225328604,0.824561403508772,0.06279069767441861,2,599
600,2022-12-22,66.0,0.34988524932192777,0.824561403508772,0.06356589147286822,1,600
601,2022-12-23,64.0,0.4012100980596703,0.824561403508772,0.06279069767441861,0,601
602,2022-12-24,57.0,0.28312121844356347,0.8596491228070176,0.3496124031007752,0,602
603,2022-12-25,65.0,0.34383475902357596,0.8421052631578947,0.13333333333333333,1,603
604,2022-12-26,61.0,0.4045482996035885,0.7017543859649122,0.05348837209302325,1,604
605,2022-12-27,73.0,0.3724181097433757,0.824561403508772,0.06279069767441861,2,605
606,2022-12-28,73.0,0.36907990819945746,0.7719298245614035,0.23565891472868217,2,606
607,2022-12-29,72.0,0.508449822658043,0.6140350877192984,0.047286821705426356,1,607
608,2022-12-30,58.0,0.3048195284790319,0.9649122807017543,0.5302325581395348,0,608
609,2022-12-31,63.0,0.35823075318172326,0.8421052631578947,0.06434108527131782,0,609
610,2023-01-01,55.0,0.12893803463384101,0.9298245614035088,0.1186046511627907,1,610
611,2023-01-02,58.0,0.17650740663467554,0.9824561403508771,0.07674418604651162,1,611
612,2023-01-03,63.0,0.14270811600250366,0.8771929824561404,0.06666666666666667,2,612
613,2023-01-04,66.0,0.10890882537033174,0.9473684210526316,0.07364341085271317,2,613
614,2023-01-05,60.0,0.17984560817859377,0.9122807017543859,0.06976744186046512,1,614
615,2023-01-06,51.0,0.06697266847485919,0.9473684210526316,0.67984496124031,0,615
616,2023-01-07,57.0,0.19257250156478195,0.9298245614035088,0.09147286821705426,0,616
617,2023-01-08,65.0,0.19611934070519504,0.9824561403508771,0.07596899224806201,1,617
618,2023-01-09,61.0,0.09013144168579178,0.8421052631578947,0.10310077519379846,1,618
619,2023-01-10,65.0,0.0,0.6491228070175439,0.0751937984496124,2,619
620,2023-01-11,64.0,0.21760901314416856,1.0,0.2503875968992248,2,620
621,2023-01-12,55.0,0.14583767994992697,0.8771929824561404,0.31705426356589145,1,621
622,2023-01-13,57.0,0.14270811600250363,1.0,0.07751937984496124,0,622
623,2023-01-14,51.0,0.12977258501982059,1.0,0.07751937984496124,0,623
624,2023-01-15,53.0,0.06071354058001252,0.894736842105263,0.6604651162790697,1,624
625,2023-01-16,61.0,0.1128729397037346,0.9298245614035088,0.07131782945736434,1,625
626,2023-01-17,62.0,0.22073857709159186,0.9824561403508771,0.44263565891472867,2,626
627,2023-01-18,59.0,0.20509075735447524,0.9298245614035088,0.7317829457364341,2,627
628,2023-01-19,57.0,0.20509075735447524,0.9649122807017543,0.07441860465116279,1,628
629,2023-01-20,47.0,0.1792196953891091,0.9824561403508771,1.0,0,629
630,2023-01-21,53.0,0.09284373044022533,0.9122807017543859,0.06976744186046512,0,630
631,2023-01-22,61.0,0.22157312747757144,0.9298245614035088,0.2395348837209302,1,631
632,2023-01-23,56.0,0.13311078656373876,0.8771929824561404,0.06666666666666667,1,632
633,2023-01-24,61.0,0.0734404339662007,0.9824561403508771,0.08604651162790698,2,633
634,2023-01-25,66.0,0.20822032130189858,0.9649122807017543,0.07364341085271317,2,634
635,2023-01-26,59.0,0.16899645316085957,0.8596491228070176,0.06589147286821705,1,635
636,2023-01-27,52.0,0.0755268099311496,0.894736842105263,0.213953488372093,0,636
637,2023-01-28,52.0,0.2595451700396411,0.824561403508772,0.5317829457364341,0,637
638,2023-01-29,62.0,0.18234925933653243,0.8771929824561404,0.3937984496124031,1,638
639,2023-01-30,57.0,0.04089296891299815,0.7192982456140351,0.06511627906976744,1,639
640,2023-01-31,52.0,0.173795117880242,0.824561403508772,0.6930232558139534,2,640
641,2023-02-01,68.0,0.3594825787606926,0.8771929824561404,0.09689922480620156,2,641
642,2023-02-02,68.0,0.3941164197788441,0.7543859649122806,0.05736434108527132,1,642
643,2023-02-03,64.0,0.43250573753390353,0.5789473684210527,0.04496124031007752,0,643
644,2023-02-04,65.0,0.32484873774254114,0.8596491228070176,0.27054263565891473,0,644
645,2023-02-05,64.0,0.48445649906113075,0.4385964912280702,0.03565891472868217,1,645
646,2023-02-06,65.0,0.3359065303567702,0.9824561403508771,0.07596899224806201,1,646
647,2023-02-07,67.0,0.3233882745670769,0.8421052631578947,0.06434108527131782,2,647
648,2023-02-08,65.0,0.2607969956186104,0.9824561403508771,0.2527131782945736,2,648
649,2023-02-09,65.0,0.35468391404131017,0.8421052631578947,0.2069767441860465,1,649
650,2023-02-10,62.0,0.5107448362194866,0.5614035087719298,0.11007751937984496,0,650
651,2023-02-11,59.0,0.3089922804089297,0.9298245614035088,0.3263565891472868,0,651
652,2023-02-12,63.0,0.32276236177759227,0.8596491228070176,0.06511627906976744,1,652
653,2023-02-13,69.0,0.3828499895681201,0.9298245614035088,0.22093023255813954,1,653
654,2023-02-14,74.0,0.4619236386396828,0.49122807017543857,0.07054263565891473,2,654
655,2023-02-15,66.0,0.40684331316503225,0.6842105263157894,0.4317829457364341,2,655
656,2023-02-16,65.0,0.4026705612351345,0.7192982456140351,0.05426356589147287,1,656
657,2023-02-17,65.0,0.38577091591904855,0.8070175438596492,0.31782945736434104,0,657
658,2023-02-18,62.0,0.38347590235760476,0.8070175438596492,0.1806201550387597,0,658
659,2023-02-19,70.0,0.39787189651575205,0.736842105263158,0.05581395348837209,1,659
660,2023-02-20,68.0,0.3941164197788441,0.7543859649122806,0.05736434108527132,1,660
661,2023-02-21,65.0,0.3187982474441894,0.9824561403508771,0.15891472868217052,2,661
662,2023-02-22,77.0,0.3805549760066763,0.6842105263157894,0.05193798449612403,2,662
663,2023-02-23,66.0,0.4491967452534946,0.5263157894736843,0.20155038759689922,1,663
664,2023-02-24,57.0,0.42040475693720003,0.9473684210526316,0.18372093023255814,0,664
665,2023-02-25,60.0,0.39161276862090544,0.7719298245614035,0.4046511627906976,0,665
666,2023-02-26,64.0,0.31253911954934277,0.894736842105263,0.06821705426356589,1,666
667,2023-02-27,66.0,0.4310452743584393,0.5964912280701755,0.06279069767441861,1,667
668,2023-02-28,75.0,0.42812434800751087,0.7543859649122806,0.056589147286821705,2,668
669,2023-03-01,79.0,0.5873148341331107,0.26315789473684204,0.0,2,669
670,2023-03-02,80.0,0.6063008554141455,0.17543859649122817,0.0,1,670
671,2023-03-03,69.0,0.6252868766951803,0.21052631578947378,0.0,0,671
672,2023-03-04,69.0,0.5399540997287711,0.3157894736842106,0.05581395348837209,0,672
673,2023-03-05,79.0,0.8303776340496556,0.24561403508771928,0.0,1,673
674,2023-03-06,72.0,0.8110786563738784,0.22807017543859665,0.0,1,674
675,2023-03-07,84.0,0.7917796786981013,0.08771929824561409,0.0,2,675
676,2023-03-08,77.0,0.6177759232213643,0.21052631578947378,0.0,2,676
677,2023-03-09,72.0,0.6063008554141455,0.22807017543859665,0.0,1,677
678,2023-03-10,68.0,0.6611725432923011,0.17543859649122817,0.0,0,678
679,2023-03-11,69.0,0.6640934696432296,0.17543859649122817,0.0,0,679
680,2023-03-12,81.0,0.6939286459419987,0.14035087719298256,0.0,1,680
681,2023-03-13,74.0,0.6294596286250781,0.21052631578947378,0.0,1,681
682,2023-03-14,82.0,0.5578969330273315,0.29824561403508776,0.0,2,682
683,2023-03-15,80.0,0.5693720008345503,0.2807017543859649,0.0,2,683
684,2023-03-16,72.0,0.6225745879407468,0.21052631578947378,0.0,1,684
685,2023-03-17,68.0,0.693302733152514,0.14035087719298256,0.0,0,685
686,2023-03-18,71.0,0.5789693302733151,0.26315789473684204,0.0,0,686
687,2023-03-19,74.0,0.5985812643438346,0.24561403508771928,0.0,1,687
688,2023-03-20,73.0,0.6158981848529104,0.22807017543859665,0.0,1,688
689,2023-03-21,72.0,0.5251408303776339,0.3508771929824561,0.031007751937984496,2,689
690,2023-03-22,76.0,0.607135405800125,0.1578947368421053,0.0,2,690
691,2023-03-23,70.0,0.6891299812226162,0.1578947368421053,0.0,1,691
692,2023-03-24,69.0,0.5560191946588775,0.4736842105263157,0.10930232558139534,0,692
693,2023-03-25,68.0,0.6603379929063217,0.17543859649122817,0.0,0,693
694,2023-03-26,76.0,0.6375964948883788,0.19298245614035103,0.0,1,694
695,2023-03-27,72.0,0.6148549968704359,0.368421052631579,0.059689922480620154,1,695
696,2023-03-28,72.0,0.549342791571041,0.3157894736842106,0.0868217054263566,2,696
697,2023-03-29,78.0,0.6054663050281659,0.22807017543859665,0.0,2,697
698,2023-03-30,78.0,0.648237012309618,0.19298245614035103,0.0,1,698
699,2023-03-31,70.0,0.648445649906113,0.19298245614035103,0.0,0,699
700,2023-04-01,77.0,0.7838514500312955,0.4385964912280702,0.08604651162790698,0,700
701,2023-04-02,72.0,0.667014395994158,0.33333333333333326,0.3558139534883721,1,701
702,2023-04-03,83.0,0.6882954308366367,0.1578947368421053,0.0,1,702
703,2023-04-04,84.0,0.6981013978718964,0.14035087719298256,0.0,2,703
704,2023-04-05,83.0,0.6985186730648861,0.14035087719298256,0.0,2,704
705,2023-04-06,73.0,0.6582516169413727,0.17543859649122817,0.0,1,705
706,2023-04-07,71.0,0.7383684539954098,0.1228070175438597,0.0,0,706
707,2023-04-08,72.0,0.7458794074692259,0.10526315789473684,0.0,0,707
708,2023-04-09,79.0,0.7293970373461297,0.1228070175438597,0.0,1,708
709,2023-04-10,79.0,0.6981013978718964,0.14035087719298256,0.0,1,709
710,2023-04-11,80.0,0.6167327352388899,0.22807017543859665,0.0,2,710
711,2023-04-12,83.0,0.7550594617150009,0.10526315789473684,0.0,2,711
712,2023-04-13,71.0,0.7218860838723137,0.1228070175438597,0.0,1,712
713,2023-04-14,73.0,0.7506780721886083,0.10526315789473684,0.0,0,713
714,2023-04-15,66.0,0.6822449405382849,0.3157894736842106,0.12945736434108526,0,714
715,2023-04-16,80.0,0.6720216983100353,0.29824561403508776,0.04186046511627907,1,715
716,2023-04-17,76.0,0.7356561652409763,0.33333333333333326,0.02945736434108527,1,716
717,2023-04-18,82.0,0.6388483204673481,0.45614035087719285,0.037209302325581395,2,717
718,2023-04-19,83.0,0.6920509075735446,0.1578947368421053,0.0,2,718
719,2023-04-20,78.0,0.7068641769246816,0.14035087719298256,0.0,1,719
720,2023-04-21,67.0,0.6699353223450865,0.38596491228070184,0.03255813953488372,0,720
721,2023-04-22,63.0,0.6730648862925098,0.3157894736842106,0.5333333333333333,0,721
722,2023-04-23,79.0,0.7206342582933444,0.3508771929824561,0.031007751937984496,1,722
723,2023-04-24,79.0,0.6866263300646775,0.1578947368421053,0.0,1,723
724,2023-04-25,73.0,0.5608178593782598,0.5263157894736843,0.04108527131782946,2,724
725,2023-04-26,86.0,0.7936574170665552,0.08771929824561409,0.0,2,725
726,2023-04-27,76.0,0.7955351554350092,0.08771929824561409,0.0,1,726
727,2023-04-28,74.0,0.6275818902566241,0.21052631578947378,0.0,0,727
728,2023-04-29,73.0,0.6776549134153973,0.1578947368421053,0.0,0,728
729,2023-04-30,77.0,0.7243897350302523,0.1228070175438597,0.0,1,729
730,2023-05-01,79.0,0.6638848320467347,0.17543859649122817,0.0,1,730
731,2023-05-02,80.0,0.6471938243271436,0.19298245614035103,0.0,2,731
732,2023-05-03,73.0,0.5706238264135196,0.2807017543859649,0.0,2,732
733,2023-05-04,72.0,0.5601919465887752,0.29824561403508776,0.0,1,733
734,2023-05-05,66.0,0.6004590027122887,0.24561403508771928,0.0,0,734
735,2023-05-06,70.0,0.6136031712914666,0.22807017543859665,0.0,0,735
736,2023-05-07,75.0,0.5687460880450657,0.2807017543859649,0.0,1,736
737,2023-05-08,68.0,0.47006050490298346,0.4736842105263157,0.04806201550387597,1,737
738,2023-05-09,75.0,0.5032338827456707,0.38596491228070184,0.03333333333333333,2,738
739,2023-05-10,81.0,0.6313373669935322,0.21052631578947378,0.0,2,739
740,2023-05-11,70.0,0.5253494679741288,0.3508771929824561,0.06589147286821705,1,740
741,2023-05-12,70.0,0.5412059253077404,0.3157894736842106,0.05503875968992248,0,741
742,2023-05-13,70.0,0.6323805549760065,0.21052631578947378,0.0,0,742
743,2023-05-14,73.0,0.5466305028166074,0.3157894736842106,0.22170542635658913,1,743
744,2023-05-15,75.0,0.6179845608178592,0.21052631578947378,0.0,1,744
745,2023-05-16,76.0,0.6252868766951803,0.21052631578947378,0.0,2,745
746,2023-05-17,79.0,0.633423742958481,0.21052631578947378,0.0,2,746
747,2023-05-18,70.0,0.491341539745462,0.6315789473684212,0.04806201550387597,1,747
748,2023-05-19,72.0,0.7172960567494261,0.1228070175438597,0.0,0,748
749,2023-05-20,74.0,0.5793866054663049,0.26315789473684204,0.0,0,749
750,2023-05-21,71.0,0.5766743167118714,0.26315789473684204,0.0,1,750
751,2023-05-22,72.0,0.5852284581681618,0.26315789473684204,0.0,1,751
752,2023-05-23,78.0,0.6643021072397245,0.17543859649122817,0.0,2,752
753,2023-05-24,77.0,0.6098476945545587,0.22807017543859665,0.0,2,753
754,2023-05-25,77.0,0.6920509075735446,0.1578947368421053,0.0,1,754
755,2023-05-26,68.0,0.6223659503442519,0.21052631578947378,0.0,0,755
756,2023-05-27,70.0,0.6092217817650739,0.22807017543859665,0.0,0,756
757,2023-05-28,76.0,0.7769664093469643,0.368421052631579,0.03178294573643411,1,757
758,2023-05-29,73.0,0.6840183601084914,0.33333333333333326,0.06201550387596899,1,758
759,2023-05-30,81.0,0.5910703108700187,0.24561403508771928,0.0,2,759
760,2023-05-31,76.0,0.5328604214479449,0.33333333333333326,0.08992248062015504,2,760
